id,filename,speaker,tags,transcription
1,%23CUCKLIFE.mp3,tim,"cucklife, hashtag, cuck",hashtag cucklife
2,%23SLUT.mp3,unknown man,"slut, hashtag",hashtag slut
3,(LARRY)%20JIMBO.wav,larry,jimbo,"no you need to do it both, jimbo"
4,10%20GAY%20GUYS.mp3,tim,"gay, gays, guys",lets line up 10 gay guys
5,15%20BOYS%20WAITIN%20FOR%20ME.wav,weezer,"boys, weezer",15 boys waiting for me
6,1s%20and%202s.wav,tim,"dj, scratch pad",
7,2%20GUYS%20IN%20THE%20SHOWER.wav,weezer,"guys, guy, shower",just two guys in the shower
8,2%20INCHES%20BE%20SMALL.mp3,tim,"small, inch",2 inch would be really small
9,2-6%20Twink%20hit%20car.wav,doug,"twink, twinks, car","so a twink hit your car, is what youre saying"
10,20%20Twinks.mp3,doug,"twink, twinks, surrounded",I was surrounded by 20 twinks
11,3%20HOT%20GUYS.mp3,tim,"hot guys, hot, guys",were 3 hot guys!
12,4%20QUARTERS.wav,jeff fischer,"football, football game, 4 quarters",this game is 4 quarters long
13,5th.mp3,unknown man,"fifth, 5th",fifth?!
14,"8-21%20Show%20pony,%20stable%20boy.wav",willy,"show pony, pony, stable boy","Im a show pony, hes more of a stable boy"
15,9-3%20Dumped%20her.wav,plowboy,"dumped, dump",I dumped her!
16,A%20WINK.wav,cat,wink,"He gave me a wink, like you better believe it mister"
17,AARRRRRRGH.wav,tim taylor,"home improvement, tim taylor",signature tim taylor argh noise
18,ABSOLUTE%20DELIGHT.wav,cat,delight,You have been an absolute delight!
19,ABSOLUTELY.wav,unknown man,absolutely ,"yea, absolutely"
20,ACEE%20LAUGH.mp3,unknown man,"laugh, laughing","ha, ha"
21,ACT%20TOGETHER.wav,caller douglas,"act together, douglas",he better get his act together
22,ACTIONS%20SPEAK%20LOUDER.mp3,plowboy,actions speak louder than words,"well, actions speak louder than, you know"
23,ADD%20MUSTARD.mp3,plowboy,"mustard, plowboy, boom, it s over",you know you add the mustard and boom its over
24,ADMIRE%20TIM.mp3,unknown woman,"admire tim, woman","like I said, I admire tim"
25,ADMIT%20I%20WAS%20DRUNK.wav,weezer,"admit, drunk, weezer","Ill admit, I was drunk"
26,AFFECTION%20FOR%20DOUG.mp3,cat charlie,"glorious man, I love you","youre a glorious man, you really are, I love you"
27,AGREE%20TO%20DISAGREE.mp3,unknown woman,agree to disagree,"Im going to agree to disagree, agreeably "
28,AH%20YEA-JIM%20THOMAS.mp3,jim thomas,"yea, jim thomas","uhhhh, yea"
29,AHHHHH.wav,tim,"disgust, ahh",ahhhhhhhh
30,AINT%20CHANGIN.wav,doug,"changing, changin, nothin",we aint changin nothin
31,ALL%20OVER%20MY%20CHEST.mp3,tim,"pop, chest",could it pop all over my chest
32,ALL%20THE%20JEWS-TIMBERFAKE.mp3,timberfake,"jews, timberfake",get all them jews in there
33,ALL%20TIME%20CATCHER.wav,willy,catcher,I believe Ill be the all time catcher
34,ALLEN%20CRAIG%20PISSED.wav,tim,"allen craig, pissed",how pissed though do you think allen craig is?
35,ALLTHESAME.wav,charlie,all the same,theyre all the same
36,ALMOST%20OVER.mp3,john mozeliak ,"is this almost over, interview, guest",is this almost over?
37,ALOT%20OF%20LEGS.mp3,janie the lesbian,"legs, lesbian, janny",theres a lot of legs involved
38,ALPENA-FREE%20DOTEM.mp3,alpena,"free dotem, #freedotem, alpena",I think were getting to that point where you gotta free dotem
39,ALRIGHT%20ALRIGHT.wav,matthew mcconaughey,"alright, mcconaughey",alright alright alright
40,ALRIGHT%20PAL.wav,cat,"alright, pal",alright pal!
41,ALWAYS%20OPENING%20MOUTH.mp3,tim,"opening mouth, doug ",Dougs always opening his mouth
42,AMEN.wav,joe strauss,"amen, jesus",Amen
43,AMERICA%20AMERICA.wav,willy,america,"america, america, this is you"
44,ANAL%20AT%20SBARRO.mp3,tim,"anal, sbarro",go up to sbarro and have anal
45,AND%20I%20QUOTE.wav,larry ,"quote, larry nickel",and I quote!
46,ANGRY%20TROLL.mp3,unknown,angry old troll,youre an angry old troll!
47,ANYTHING%20ELSE.mp3,larry,anything else,anything else?
48,APACHE%20SCREAM.mp3,apache,"scream, apache",*apache scream*
49,ARE%20YOU%20TALKING%20TO%20ME.mp3,unknown woman,"woman, talking to me",are you talking to me?
50,ARROGANT%20PRICK.wav,barry switzer,"johnny manziel, barry switzer, prick, arrogant",arrogant little prick
51,ASK%20MYSELF.wav,tim,"dont know, dunno","who knows, hey I dunno, listen I dont know, do I know?  No I dont"
52,ATTRACTIVE%20GUY.mp3,charlie,"guy, attractive",I think youre an attractive guy!
53,AUDIENCE%20IS%20SO%20SEXUAL.mp3,tim,"audience, sexual",our audience is so sexual!
54,AUTOMOBILE%20IN%20MY%20MOUTH.mp3,Rich from Maryland Heights,"mouth, automobile, caller rich, maryland heights",he doesnt even know what automobile he is trying to put in my mouth
55,AW%20YEA%20SURE.wav,willy,"sure, yea ",awwww yea sure!
56,AWFUL%20COUGH.wav,cat,"cough, sick",*cough cough*
57,Anthracite.mp3,willy,"grey, anthracite, jerseys, mizzou football","wheres the grey, wheres the anthracite"
58,AskFixings.wav,stevie janowski,"fixins, kenny power, eastbound and down",
59,BABE%20IN%20WOODS.mp3,bull,"bull, babe","youre just a babe in the woods, my friend"
60,BACHELOR%20TATOO.mp3,unknown woman,"bachelor, bachelorette, tattoo",my tattoo says you cant someone love someone else until you truly love yourself
61,BACK%20DOOR.wav,plowboy,"backdoor, plowboy",my backdoor doesnt open
62,BACK%20TO%20YOU%20TIM.mp3,tom,"tom, salt and smoke",back to you tim
63,BACK%20TO%20YOU.mp3,doug,"news, broadcast, television, steve","thatll do it.  Back to you, Steve"
64,BACKGROUND%20CHECKS%20FOR%20DOUG.mp3,tj moe,"tj moe, child, molest",im afraid if doug comes to join Im may have to  do backround checks because the child molestors will come with him
65,BACKING%20MY%20ASS%20INTO%20YOU.mp3,tim,"back, ass",backing my ass into you
66,BAD%20AND%20BUTT%20UGLY.wav,doug,"bad, ugly","were very bad, and butt ugly"
67,BAD%20BATCH.wav,doug,"bad, batch",you got a bad batch.  Tim: I got a bad batch
68,BAD%20FOR%20COLON.mp3,"cat, doug",colon,"cat: I think its bad for your colon. Doug: I suspect it is, things get stuffed up in there"
69,BADASS%20AT%20A%20BBQ.mp3,unknown,bbq,I wanna be the baddest ass at the bbq
70,BALLOON%20PARTY.wav,joe strauss,"party, balloon",lets have a balloon party
71,BALLS%20DIFFERENT.wav,doug,"balls, different",maybe the balls are a little bit different?!
72,BANG%20DOUG%20ON%20SIDE.mp3,tim,"bang, sidepiece ",you can still bang doug on the side
73,BANG%20WEATHER%20GUY.mp3,tim,"banged, little rock, weather guy",I banged the weather guy down in little rock
74,BANG%20YOU%20RIGHT%20NOW-IGGY.mp3,iggy,"iggy, bang",I would bang you right now if you let me
75,BANGING%20EVERYTHING%20.mp3,jay jr,"banging, jennings",bangin everything left and right
76,BAREBACK.mp3,tim,bareback,depends on if you go bareback
77,BASEBALL%20INSIDERS.mp3,cat,"baseball insiders, sfw",were pure baseball insiders
78,BAT%20WING%20SEASON.wav,tim,batwing season,batwing season is upon us
79,BAT%20WING.wav,tim,batwing,can you see my batwing today?
80,BATH%20ROBE.wav,jeff abeln,"bathrobe, p diddy",I went with like a white pdiddy bathrobe
81,BEAKER.wav,willy,"beaker, kansas",beaker!
82,BEARCLAWS.wav,charlie,"bearclaws, charlie","I used to eat bearclaws, two at a time"
83,BED%20N%20BREAKFAST.mp3,cat,bed n breakfast,bed and breakfast?  Thats the way.no
84,BEGGING%20FOR%20FOOD.mp3,charlie,"suck, food, begging","ugh these guys suck, begging for food already"
85,BEING%20A%20GOOD%20BOTTOM.mp3,tim,"bottom, bottoming","its like being a bottom, a really good bottom, youre used to is"
86,BEING%20AROUSED.mp3,charlie,"guy, aroused",guy being aroused
87,BEING%20WITH%20A%20GENTLEMAN.mp3,unknown man,gentleman,"well it started as that, and it turned into just being with a gentleman"
88,BELLS.wav,sound effect,"winner, email of day winner",*email of day winner bells*
89,BERMAN.mp3,charlie,chris berman,*berman like noise*
90,BEST%20IN%20THE%20WORLD%20AT%20WHAT%20I%20DO-LARRY.mp3,larry,"best, larry, lawrence, nickel","yea, Im the best in the world at what I do"
91,BEST%20SEX-TIMBERFAKE.mp3,timberfake,"sex, timberfake, playbaby",thats the best sex that Ive ever had though
92,BEST%20THING%20YOU'VE%20EVER%20SAID.mp3,charlie,"best thing, charlie, agreement, sfw",that would be the best thing youve ever said
93,BETTER%20THAN%20CHICAGO.mp3,cat,"chicago, sfw",were better than chicago
94,BETTER%20THAN%20DOUG.mp3,caller adam,"doug, savard, kmov","doug youre nothing but a talking head, savards better than you, shut up"
95,BFIB%20CHECK%20IN.wav,joe strauss,"bfib, best fans, strauss",the bfib check in
96,BFIB%20WAVE.mp3,unknown man,"bfib, wave","the waves horrible, the bfibs love it!"
97,BIG%20BALLS.wav,willy,"balls, willy","oh, theyre big balls"
98,BIG%20BIG%20PROBLEM.mp3,doug,big problem,"they have a big, big problem with that one"
99,BIG%20BOOBS-ADAM.mp3,caller adam,"boobs, caller adam, big boobs",she has real big boobs
100,BIG%20BOYS=GRETZKY.mp3,wayne gretzky,"big boys, wayne gretzky",theres some big boys out there
101,BIG%20ISSUES.mp3,unknown man,"big issues, sit in corner",doug just go sit in a corner and pretend these arent big issues
102,BIG%20LOIN.mp3,plowboy,"big loin, plowboy, loin",it was kind of a big loin
103,BIG%20MAN.wav,charlie,"big man, call in, sfw",why dont you call in big man
104,BIG%20MAN%20(DANNY%20MAC).wav,danny mac,"big man, danny mac, dan",do it yourself big man!
105,BIG%20ONE.wav,plowboy,big one,its a big one
106,BIG%20SAUSAGE.mp3,alpena,"big sausage, alpena",do you wanna get a big sausage tonight?
107,BIG%20TWIG.wav,darren pang,"twig, pang, hockey",he got the big large twig on that one!
108,BIRTHDAY%20DRUNK.mp3,larry,"drunk, larry, birthday","cuz its my birthday today, I might get drunk"
109,BISCUIT.wav,Rich from Maryland Heights,"rich, maryland heights, biscuit, delightful, mcdonalds","when you get a nice fresh biscuit, its delightful"
110,BISEXUAL%20FRIENDS.mp3,katie kay,"bisexual, katie kay",my best friend in college is bisexual
111,BIT%20OF%20A%20FUSS.wav,willy,"fuss, morning","youre in a bit of a fuss this morning, arent ya"
112,BITCHES%20DIG%20ME.mp3,tim,"dig, bitches",man bitches dig me
113,BLACK%20GENTLEMAN.mp3,doug,"black gentleman, manchild, toe ring",shes looking for a black gentleman
114,BLACK%20MAN.wav,tim,"black man, manchild, toe ring",have you ever been with a black man?
115,BLACK%20QUARTERBACKS.mp3,jay jr,"jay, african american, quarterback","if youre drunk at 2 in the morning and wanna be with an african american quarterback, heres my number"
116,BLACKHAWKS=LESBIANISM.mp3,tim,"lesbian, lesbianism, blackhawks",the blackhawks provide the most likely scenario for lesbianism
117,BLONDTH.wav,tim,blond,blondth
118,BLOW%20DOUGS%20TOP-LARRY.mp3,larry,"larry, top",I was trying to get doug to blow his top
119,BLUES%20DID%20IT.mp3,tim,blues,"well doug, the blues did it"
120,BLUFFING.mp3,unknown man,bluffing,you think Im bluffing?
121,BO%20HART.mp3,tim,"bo hart, tattoo, ass cheek",I have a bo hart on my left asscheek
122,BO%20HART.wav,doug,bo hart,bo hart was a heckuva player
123,BOB%20HOPE%20OF%20SPORTS%20TALK.mp3,tim,"bob hope, radio",hes the bob hope of local sports talk
124,BOBBY%20VESTAL%20SUCKS.mp3,timberfake,"bobby vestal, bobby bestal, timberfake, sucks",bobby vestal that guy sucks
125,BOOBAGE.mp3,unknown woman,boobs,a lot of boobage
126,BOOBS%20GALORE.mp3,jay jr,boobs ,shes got boobs galore
127,BOOM-SHAKA-LAKA.wav,joe roderick,boom shaka laka,"boom shaka laka, I got a hand, thatll rock your cradle"
128,BOOZED%20UP.mp3,tim,"boozed, booze, drunk, party",just get really boozed up
129,BOSSY%20CHATTERBOX.wav,cat,"bossy, chatterbox, talkative",youre a bossy chatterbox
130,BOTH%20OF%20THEM.mp3,tim,"both, bofem",bof of em
131,BOUNTIFUL%20LOIN.mp3,cat,"loin, bountiful, cat",you happen to have a bountiful loin
132,BOUT%202%20GET%20REAL.wav,doug,"real, real in here",its bout to get real in here
133,BOW%20TIE.mp3,tim,bowtie,why the bowtie?
134,BOY%20CANAL.mp3,tim,boy canal,keep that boy canal nice
135,BOY%20DUNGEON-LARRY.mp3,larry,"boy dungeon, larry",your boy dungeon 
136,BOY%20PIG.wav,cat,"boy pig, cat",I like when you call me a boy pig
137,BOY%20WHORE.mp3,tim,boy whore,"yea, Im a boy whore"
138,BOYCOTT%20KMOV.mp3,caller adam,"kmov, caller adam, local news","boycott KMOV, its a piece of crap station"
139,BREAKING%20IT%20DOWN.mp3,caller ellen,"breaking it down, ellen",well you guys just keep breaking it down
140,BREWERS%20SERIES.mp3,charlie,"brewers, charlie, baseball series, cardinals, sfw","Ill tell ya what, Im excited for this brewers series"
141,BROAD%20BANG%20ME.mp3,tim,"broad, bang",just another broad who wants to bang me
142,BROKER%20OUT%20TIME%20BITCH.mp3,tim,"broker, time, am sports talk radio",I broker out the time bitch
143,BRUCE%20PEARL.wav,rondo,"bruce pearl, tennesee, rondo",free bruce pearl
144,BUFFERING.wav,plowboy,"buffering, plowboy",oh its buffering so bad right now
145,BUILT%20A%20BRIDGE%20AND%20GOT%20OVER%20IT.mp3,larry,"bridge, get over it, larry","I built a bridge, and got over it"
146,BULL%20AND%20APACHE%20SHARE.mp3,bull,"bull, apache, mistress amy, share",mistriss amy is shared by me and the apache
147,BULL%20IS%20NOT%20A%20WHORE.mp3,bull,"bull, whore",im not the big whore that everybody makes me out to be
148,BULL%20NEVER%20GIVES%20UP.mp3,bull,"bull, give up",a bull never gives up
149,BULL%20POTENTIAL.mp3,bull,"bull, potential",he has the potential to be a great bull
150,BULLS%20ARE%20DOMS.mp3,bull,"bull, sub, dom, bdsm","bulls arent subs, were doms"
151,BUNCH%20OF%20IDIOTS.wav,unknown man,idiots,buncha idiots out here
152,BURLEY%20GENTLEMAN.mp3,doug,"gentleman, bear, burley",would you consider yourself a burley gentleman?
153,BURN%20IN%20HELL.wav,willy,"willy, burn in hell","youre going to burn in hell, pal"
154,BURN.wav,tim,burn,burn!
155,BUSINESS%20WILL%20TREBBLE.wav,cat,"treble, business, jhe",their business would treble
156,BUT%20C'MON.wav,unknown man,cmon,"but, uh, cmon"
157,BUSINESSMEN%20SPECIALS.mp3,doug,business mans special,business mans special
158,BUTTPLUG-R2D2.mp3,tim,"r2d2, buttplug",I have an r2d2 that I use as a buttplug
159,Bam%20Gerbil.mp3,steve harvey,"gerbil, steve harvey","bam, gerbil!"
160,C'MON%20CAT.wav,rudy,rudy,cmon cat
161,C'MON!!.wav,charlie,"cmon, charlie, sfw",cmon!
162,CAL%20MAY%20(STAN).mp3,calmay,"stan musial, sick, matt carpenter, lackey, calmay","matt did you know in the top of the 4th, don mattingly said that it makes him think that stan musial is in that body and running around here"
163,CAL%20MAY%20LAUGH.mp3,calmay,"laugh, calmay",hahaha
164,CAL%20MAY-BALL%20IN%20HOOP.mp3,calmay,"hoops, calmay, basketball",coach what goes through your mind when you see the ball actually go through the hoop there
165,CAL%20MAY-WISCONSIN%20PLAYER.mp3,calmay,"calmay, wisconsin, coach",coach how cool was it that it was a wisconson player that sank the winning shot?  
166,CALL%20IN%20(CAT).mp3,cat,"call in big man, call-in",call in big man!
167,CALL%20IN%20(MIX).wav,doug,call in big man,doug: call in    -    danny mac: big man!
168,CALL%20IN%20BEFORE%20BED.mp3,larry,"call in, bed, larry",Ill call in before I go to bed tonight
169,CALL%20IN%20DUDE.wav,plowboy,"call in, dude, plowboy","why dont you call in, dude"
170,CALL%20IN%20PRINCESS.wav,willy,"princess, call in, willy",why dont you call in princess
171,CALL%20YOU%20DADDY.mp3,unknown woman,daddy,I like calling you daddy!
172,CALLER%20ADAM-FAN%20PAGE.mp3,caller adam,"fan page, finpin, facebook",tim did you see what happened on the fan page last night?
173,CALLER%20JORDAN%20A%20SMOKE%20SHOW.mp3,tim,"caller jordan, smokeshow","caller jordan is a smokeshow, doug needs to get with that"
174,CAN%20I%20BE%20SUSPENDED%20.mp3,gabe,"suspended, gabe, suspension",can I be suspended for like 20 mins?
175,CAN%20I%20CONTINUE-LARRY.mp3,larry,"continue, larry, interrupt ",can I continue doug?
176,CANNOT%20VALIDATE.mp3,tim,validate,"we wanna make it clear, we cannot validate"
177,CANT%20FIGHT%20KARMA.wav,Rich from Maryland Heights,"rich, maryland heights, karma","you cant fight karma, karma will always win"
178,CARBON%20FOOTPRINT.mp3,charlie,"footprint, carbon, polution",reduce your carbon footprint
179,CARDINALS%20LOST-MIKE%20LEE.mp3,mike lee,"cardinals lost, mike lee","cardinals lost again, huh?"
180,CARDINALS%20OFFENSE-SLAP%20DICK%20AROUND.mp3,tim,"slap dick, cardinals offense",the offense continues to just slap dick around
181,CARDINALS%20STINK.mp3,mike lee,"mike lee, cardinals stink",cardinals stink!
182,CARDINALS%20WON-MIKE%20LEE.mp3,mike lee,"mike lee, cardinals won",cardinals won huh?
183,CARDS%20ARE%20COMING.mp3,larry,"larry, cardinals are coming, tra la","by the way, the cardinals are coming, tra la tra la"
184,CARDS%20FANS%20BITCHY.mp3,doug,"cardinal fans, bfib, bitchy, racist",cardinal fans are bitchy and racist
185,CARE.wav,frank,"do you care, frank",do you care?
186,CARLOS%20MARTINEX%20TATS-TIMBERFAKE.mp3,timberfake,"carlos martinez, timberfake, tattoo, momma","I get tattoos of carlos martinez, on my mama"
187,CARLOS%20MARTINEZ.mp3,tim,carlos martinez,carlos martinez! Another great start!
188,CARRY%20ON.wav,unknown man,carry on,carry on
189,CASE%20CLOSED.wav,plowboy,"plowboy, case closed",case closed
190,CASSIDEY.wav,cassidey,"cassidey, porn, stag",yeah!
191,CAT%20AND%20DOUG%20SEX-FRANK.mp3,frank,frank,"jim the cat hayes, having action with doug vaughn"
192,CAT%20BULLCRAP.mp3,cat,"bullcrap, cat","boy, Im tired of hearing your bullcrap"
193,CAT%20FANS-STRAUSS.mp3,tim and strauss,"cats fans, strauss",tim: and what are the cats fans?  Strauss: delusional for sure
194,CAT%20IS%20ELITE.mp3,charlie,"charlie, elite, status, cat",the cat though has really reached elite level status
195,CAT%20SOUND.wav,tim,"cat noise, purr",*kitten purr**
196,CAT%20WEARS%20PRADA.wav,tim,"cat, prada, clothes",the cat wears prada!
197,CAT'S%20POEM.mp3,cat,"poem, cat, freedom","birds, tree life, fly fly fly, picking pecking poking, freedom"
198,CATS%20A%20COOL%20CAT-TIMBERFAKE.mp3,timberfake,"cat, cool, timberfake",the cats a cool cat!
199,CATS%20FAT%20ALBERT%20IMPRESSION.mp3,cat,"fat albert, cat",**fat albert sounds**
200,CAUGHT%20ME%20WET.mp3,unknown man,wet,ya caught me wet
201,CAULKS.wav,cat,"cat, caulks, white, whites",you dont want to hang out with caulks!
202,CBS%20SPORTS%20GAYER%20THAN%20YOU.mp3,charlie,"cbs 920, gay, gayer","cbs sports 920, we are gayer than you"
203,CELEBRITY.wav,willy,"celebrity, willy",I am like a celebrity in that neighborhood
204,CELLULITE.wav,tim,"cellulite, fat",cellulite on cellulite brother
205,CENTRAL%20DIV%20=%20BANGED.mp3,tim,"central division, banged",so if youre in the central division you just get banged
206,CHAMBERS.wav,tretter,"chambers, tretter",chambers you my boy!
207,CHAMP.mp3,timberfake,"champ, timberfake, strap, boxing",im the champ
208,CHAMPION.wav,willy,"champion, willy",im a champion brother
209,CHAPPS%20GO%20DIE.mp3,charlie,"charlie, chapps, die",chapps go die
210,CHARITY.wav,cat,"wallet, shut up, cat",open your wallet and close your yap
211,CHARLIE%20AS%20DOUG.mp3,charlie,"news, sportscast, sports final, kmov, ktvi, fox","good evening, sports fans, doug vaughn here with your sportscast.  Our top story tonight, Jon Jay will be back tomorrow, heres him getting a hit in 2012"
212,CHARLIE%20IDOKI.mp3,charlie,"koko idoki, charlie, golf",okie dokie kokie idoky!
213,CHARLIE%20LAUGH%202.mp3,charlie,"laugh, charlie, sfw",ha ha
214,CHARLIE%20LAUGH.wav,charlie,"laugh, charlie",ha ha ha
215,CHARLIE%20NOT%20A%20CARDINALS%20FAN.mp3,charlie,"cardinals fan, charlie, sfw",im not neccesarily a big st. louis cardinals fan
216,CHARLIE'S%20SPANISH.mp3,charlie,"spanish, bano, charlie",puedo ir al bano?
217,CHARLIES%20UNDERWEAR.mp3,cat,"charlie, underwear",and youd like charlies underwear?
218,CHASING%20TAIL.mp3,charlie,"chasing tail, charlie",been chasing tail
219,CHECK%20PLEASE.mp3,cat,"check please, cat",check please!
220,CHERRY%20BOMBS.mp3,akoostic sessions ,"cherry, bombs, moms, akoostic sessions","cherry bombs, smoke bombs with ya moms"
221,CHEST%20SLAP.mp3,patrick imig,"chest slap, imig",give a chest slap to willy
222,CHICAGO.wav,joe strauss,"strauss, chicago",hey were better than chicago!
223,CHICKY-CHICKY%20PARM%20PARM.mp3,doug,"chickey parm, chicken, parmesan",chicky chicky parm parm
224,CHIEF%20JUSTICE.wav,tim,chief justice,cmon chief justice!
225,CHILL%20OUT.mp3,unknown man,chill out,yea Im here man chill out
226,CHIN%20STRAP%20BUCKLED-HOUSTON%20NUTT.mp3,houston nutt,"chin straps, houston nutt","if you dont have two chin straps buckled, you gonna get beat!"
227,CHOCOLATE%20BUNNIES.mp3,frank,"chocolate bunnies, frank",frank do you like chocolate bunnies?
228,CHOCOLATE%20LONG%20JOHNS.wav,unknown woman,"woman, chocolate long johns, donuts",chocolate long johns are my favorite
229,"CHOCOLATE,%20THICK.wav",willy,"chocolate, thick","chocolate, thick"
230,CHOKE%20LIKE%20A%20WHORE.mp3,unknown man,"choke, whore, gag",I choke like a whore without a gag reflex
231,CITY%20LOVES%20WILLIE.wav,willy,willy,the city loves willy
232,CLASSIC%20GO%20TO%20BAT.mp3,unknown man,"classic go to bat, fsn","classic, go to bat!"
233,CLEAN%20THOSE%20FIXINS.wav,kenny powers,"fixins, kenny powers, eastbound and down",you clean up those fixins right now!
234,CLINE%20ZOMBIE.wav,david cline,"david cline hedonism, zombies",david cline singing zombies
235,CLIP%20THAT%20OFF.mp3,plowboy,"clip that off, plowboy, sfw",clip that off
236,CLOSE%20ENOUGH%20JACKASS.mp3,charlie,"close enough jackass, charlie","thats close enough, jackass"
237,COACHING%20IN%20ST%20LOUIS.mp3,prodjoe,"producer joe, prodjoe, coaching, rams, sfw",boy theres a high bar set here for coaching in st. louis apparantly
238,COME%20DOWN%20UPON.mp3,prodjoe,"cum, come down upon, prodjoe, producer joe",doug deserves to be come down upon as well
239,COME%20HERE%20BIG%20FELLA-FRANK.mp3,frank,"big fella, frank",come her big fella
240,COME%20ON%20IN%20WATER%20IS%20WARM.mp3,tim,"water, warm, come in",come on in the water is warm
241,COME%20ON%20OUT.wav,tim,"come on out, inside","it didnt remain inside of me, oh, come on out"
242,COME%20ONTO%20YOURSELF.mp3,cat,"come onto, cat, hit on","well you stand in line, and you come onto yourself"
243,COMING%20ON%20MY%20CHEST.mp3,tim,"come, chest, cometh, x-man",the x-man cometh all over my chest
244,COMING%20OUT.wav,tim,coming out,oh wow looks like someone is coming out
245,COMING%20TO%20THE%20BALLYARD.mp3,tim,ball yard,are any one of you guys coming to the ballyard tomorrow
246,COMMERCIALS.wav,unknown man,commercials,nice listening to all of those commercials you were rolling out there before you had me on
247,COMPLIMENT%20FOR%20DOUG-GOOLD.mp3,goold,"compliment, doug, goold",I had a compliment ready for doug
248,CONDESCENDING%20RESPONSE.wav,tim,"response, condescending",I appreciate the condescending response
249,CONGA%20LINE.mp3,cat,"conga, singing",*cat making singing noises*
250,CONGRATULATIONS.wav,erin andrews,"erin andrews, congratulations ",congratulations!
251,COON%20SKIN%20PANTIES.wav,doug,coonskin boy panties,where they able to fit you in some coon skin boy panties?
252,COUNTRY%20JUSTICE.wav,doug,"justice, country",thats country justice there!
253,CRABASS%20DOUG.mp3,unknown man,"crabby, grumpy",so doug why you being such a crabass today to all the callers?
254,CRAPPY%20GAME.mp3,tim,crappy game,that was a crappy game
255,CREEPAHOLIC.wav,plowboy,"creepy, creepaholic",creepaholic
256,CUBS%20CUBS%20CUBS.wav,unknown man,cubs,cubs cubs cubs
257,CUCKED%20BY%20THE%20BULL.mp3,tim,"bull, cuck","well didnt jimmy the bull try to cuck you, bro?"
258,CUCKHOLD-PLOWSY.mp3,plowboy,"cuckold, plowboy",thats not considered cuckold in my eyes
259,CUCKOLD%20BEAT.mp3,tim,cuckold beat,from the cuckold beat
260,CUCKOLD%20JAY%20JR.mp3,jay jr,"jennings, cuckold",that would have been an early cuck situation
261,CUCKOLD%20ON.mp3,alpena,"cuckold, alpena","if you can get your cuckold on, do it!"
262,CUCKOLD%20SCENE.mp3,tim,cuckold,theres a cuckold scene?
263,CUCKOLD%20SITUATION.mp3,plowboy,"plowboy, cuckold",yes I have a cuckold situation
264,CUDDLE%20UP.wav,jay jr,"cuddle, jay",cuddle up!
265,CUDDLE-FREAKOUT.mp3,unknown man,"cuddle, twink","if you told me I couldnt cuddle with someone, Id freak out"
266,CUETO%20GREAT-O.mp3,charlie,"cueto, charlie, 2Fox","cueto cueto, really greato"
267,CURIOUS%20HAND.mp3,tim,"curious, loin, hand",but then all the sudden you find yourself with a curious hand in your loin
268,CURIOUS%20YOUNG%20LADY.wav,unknown woman,"curious, lesbian",I was a curious young lady!
269,CUTIE%20PANTS.mp3,cat,"cutie pants, cat","bring it over here, cutie pants"
270,Cal%20May%20=%20Heyward.wav,cal may,"cal may, calvin, heyward",what did your grandma think?
271,Cal%20May%20with%20Another%20Terrible%20Question%20to%20Brandon%20Moss.mp3,cal may,"cal may, brandon moss",were you surprised on how far the homerun went?
272,Charlie%20Wants%20To%20Marry%20Doug.mp3,charlie,"married, wife","doug was never going to leave his wife for me, so I figured I might as well marry a woman"
273,DA%20RAIDERS.mp3,charlie,"raiders, berman",da raiders!
274,DAMN%20COLD.wav,doug,cold,so damn cold!
275,DAMN%20GINA.wav,tim,gina damn,damn gina!
276,DAMN%20JANIE.mp3,tim,janie damn,damn janie!
277,DAMNIT%20WEEZER.wav,tim,damn weezer,damnit weezer!
278,DAN%20MARSHALL-WOMEN%20STATION.mp3,dan marshall,"dan marshall, the woman 1380",the woman station was just something that hit me like a bolt of lightening 
279,DANCE%20LTD.mp3,doug,dance,"did you dance like the dickens, did you?"
280,DEALS%20A%20DEAL.mp3,plowboy,deals,deals a deal
281,DECATUR.wav,unknown man,decatur,"decatur, I hardly know her"
282,DARN%20SERIOUS%20JOURNALISM.wav,dougq,"journalism, 4fox, kmov",I thought it was darn serious journalism
283,DARN%20TOOTIN.wav,cat,darn tootin,youre darn tootin
284,DAY%20BY%20DAY.wav,plowboy,day by day plowboy,I just uh live day by day buddy
285,DAY'S%20WORK%20DOUGIE.wav,unknown man,days work,"all in a days work, dougie"
286,DECENT%20QUESTIONS.wav,unknown man,decent questions,do you guys have any decent questions?
287,DEEP%20AND%20SOFT%20KISSING.mp3,tim,"kissing, lesbian, soft",are you engaging in a lot of deep and soft kissing right now?
288,DEEP%20KISSING.mp3,jay jy,"kissing, #fff",do you like deep kissing or soft kissing?
289,DEEP%20TEASE.mp3,tim,"testical, deep tease","and coming up, one of our board operators is going to sell one of his testicals for $40,000!"
290,DEEP%20THOUGHTS%20MY%20JAM.mp3,unknown woman,"bachelorette bachelor, deep thoughts",deep intelectual things are just my jam
291,DEKE%20DOTEM-DANNY%20MAC.mp3,dan mac,"deke dotem, danny mac, fsnmw, freedotem",so best wishes to Mr. Dotem
292,DEKE%20DOTEM-LARRY.mp3,larry nickel,deke dotem larry,deke dotem!
293,DEKE%20DOTEM.mp3,mike lee,deke dotem mike lee,deke dotem
294,DEKEY%20DOTEM-TIMBERFAKE.mp3,timberfake,"deke dotem, dekey, timberfake, freedotem","so whos dekey dotem , I dont get that"
295,DICKENS.wav,unknown man,dickens,like the dickens
296,DIFFERENCE%20A%20WEEK.wav,jeff fischer,"jeff fischer, rams",completely different what a week makes
297,DIME%20BAGS.wav,plowboy,"dime bags, plowboy, weed",no dime bags being thrown out
298,DIN-DIN.wav,willy,"dinner, din din, willy",din din
299,DING%20DING%20DING-RICH.mp3,Rich from Maryland Heights,"rich, ding",ding ding ding ding ding
300,DIRTY%20LEMMING.mp3,cat,"lemming, cat",you dirty lemming
301,DIRTY%20UP.wav,tim,dirty,what you do is you dirty up the place
302,"DISAPPOINT,%20DOUG.mp3",janie the lesbian,disappoint,sorry to disappoint doug
303,DISGUSTING%20HUMAN%20BEING.wav,tim,"disgusting, hideous ",I mean what a horribly hideous human being I am
304,DIVA.wav,plowyboy,"diva, plowboy","like I was a diva, ya know?"
305,DNA%20ON%20YOUR%20CHEST.wav,tim,"dna, chest",DNA on your chest
306,DO%20FIT%20CHICK-LARRY.mp3,larry,"fitchick, larry",well Ima try to do fitchick
307,DO%20IT%20DOUG-LARRY.mp3,larry,"larry, doug, do it",do it doug
308,DO%20IT.wav,arnold schwarzenegger,do it,do it!
309,DOESNT%20MATTER%20WHAT%20YOU%20SAY-LARRY.mp3,larry,doesnt matter,doesnt matter what you say!
310,"DOG%20FIGHT,%20BLOOD%20BATH.wav",Rich from Maryland Heights,"dogfight, blood bath","its going to be a dog fight, its going to be a blood bath"
311,DOGGYSTYLE-LARRY.mp3,larry,"doggystyle, larry",get it done doggystyle
312,DOING%20SHOW%20PREP.mp3,larry,"larry, show prep",im doing show prep
313,DOLPHIN.wav,tim,"dolphin, laugh",*tim dolphin cackle*
314,DON'T%20GOT%20CHOPS.mp3,charlie,"charlie, chops","yea, you dont got the chops"
315,DON'T%20LIKE%20THE%20WHITES.mp3,tim,whites,I dont like the whites
316,DON'T%20PEE.mp3,willy,pee,"you dont want to pee either, they can smell the human pee"
317,DON'T%20TOUCH%20IT.mp3,doug,touch,dont touch it
318,DONE%20JIM.wav,unknown man,jim,Im done Jim!
319,DONT%20CARE%20ABOUT%20HER.mp3,unknown man,care,yea I dont care about her
320,DONT%20CARE-MO.mp3,mo,john mozeliak,"back it up a bit, dont really care"
321,DONT%20CARE.wav,doug,"doug, care","we dont care, we really dont care what you want!"
322,DONT%20GET%20ME%20STARTED-LARRY.mp3,larry,"doug, started","doug, dont get me started!"
323,DONT%20GO%20TO%20PHONE%20LINES.mp3,tim,phones,doug should I not go to the phones anymore?
324,DONT%20HAVE%20COPY.mp3,plowboy,"copy, plowboy",sorry tim I dont have the copy in front of me
325,DONT%20KNOW.wav,unknown woman,know,I dont wanna know
326,DONT%20MESS%20WITH%20ME.wav,Rich from Maryland Heights,"rich, mess",dont mess with me
327,DONT%20NEED%20FRIED%20CHICKEN-JOE%20ROD.mp3,Joe Roderick,"joe roderick, chicken",I dont need fried chicken
328,DONT%20TALK%20ABOUT%20MY%20MOTHER.wav,plowboy,"plowboy, mother","thats a little overboard, you can say you can rub honey all over my body, but dont talk about my mother"
329,DONT%20TELL%20US.wav,doug,tell,dont tell us what to do
330,DONT%20U%20KNOW.wav,unknown man,"cat, know","what do you think cat, dont you know anything?"
331,DONT%20USE%20HOOK.mp3,weezer,fish hook weezer,dont use a fish hook
332,DONT%20WORRY%20DOUG.mp3,big al,"doug, worry",dont you worry about it doug
333,DOOR%20SICK%20BIG%20MAN.wav,john lackey,"sick, big man, lackey",sick big man mashup
334,DOUBLE%20FRY%20FRIES.mp3,tim,double fried fries french sfw,they double fry them fries for ya
335,DOUBLE%20SIDED%20DILDO.mp3,tim,dildo,double sided dildo
336,DOUG%20=%20BLUSH.mp3,cat,blush,and doug made himself blush with that
337,DOUG%20BITCHING%20ABOUT%20JOB.mp3,caller adam,"bitching, job","hey doug, everyone is tired if you bitching about your job"
338,DOUG%20BONDAGE%20CAVE.wav,dennis hof,"dennis hof, bondage cage doug","what about doug, was he in the bondage cage?"
339,DOUG%20BREAST%20FEEDS-CAT.mp3,cat,"breast feeding, child","at what age did you stop breast feeding your children, doug?"
340,DOUG%20BROUGHT%20IT.wav,unknown man,stronger brought,doug brought it stronger
341,DOUG%20DAMNIT.wav,tim,dammit,aw doug dammit
342,DOUG%20DOES%20NOTHING.mp3,paul from wc,"paul, do nothing",you will put down all these professions when you do nothing
343,DOUG%20FOR%20REALZ.mp3,tim,for real,"doug, for the reals though is what you were saying during the commercial break"
344,DOUG%20FULL%20OF%20IT.mp3,charlie,full of it,doug youre full of it
345,DOUG%20GETS%20ROUGH.mp3,tim,"rough, mattress, sex","the temperpedic is a great mattress, its supported me and doug all night, and we get rough"
346,DOUG%20HANDS.wav,unknown woman,hands,"doug, you need to keep your hands to yourself"
347,DOUG%20HAS%20DANDRUFF.mp3,charlie,"charlie, dandruff",isnt it embarasing when hot girls are massing your scalp and you get the dandruff everywhere
348,DOUG%20I%20LIKE%20YOU.mp3,cat,"cat, like","doug, I like you!"
349,DOUG%20I'M%20HOT.mp3,unknown man,hot,"hey doug, Im hot"
350,DOUG%20IS%20HOT-JACKIE.mp3,jackie,"jackie, hot",doug is hot anyway
351,DOUG%20IS%20HOT.wav,cat,"doug, hot, cat",I think doug is hot
352,DOUG%20IS%20OLD.mp3,caller adam,"old, adam",doug youre so freaking old
353,DOUG%20IS%20PRO%20COCK.mp3,tim,caulk,doug is pro caulk
354,DOUG%20IS%20RIGHT.mp3,unknown man,right,guys like me and doug are right
355,DOUG%20IS%20TOAST%20OF%20TOWN.mp3,caller adam,"adam, toast, kmov",oh big guy has some special segment on channel 4 and hes the toast of the town now!
356,DOUG%20MADE%20ME%20SMILE-TIMBERFAKE.mp3,timberfake,"timberfake, smile",you make me smile today doug
357,DOUG%20MY%20HERO.wav,unknown man,hero,dougs my hero
358,DOUG%20NAUGHTY.mp3,mike lee,"naughty, mike lee, boy",hey doug you a naughty boy
359,DOUG%20NOT%20RAVIOLI%20HEAD.mp3,larry nickel,"larry, ravioli head",doug is not a ravioli head
360,DOUG%20ON%20HIS%20GAME.wav,joe strauss,strauss,I can tell doug is on his game today
361,DOUG%20SAID%20IT.wav,cat,doug,doug said it
362,DOUG%20SATISFIED.mp3,prodjoe,old man,if the old man is satisfied everything is just fine
363,DOUG%20SCREAMING%20NAME.mp3,unknown man,scream,dougie I love it when you scream my name baby
364,DOUG%20SHUT%20UP-LARRY.mp3,larry,shut up doug,doug doug shut up!
365,DOUG%20SHUT%20YOUR%20PIE%20HOLE.mp3,charlie,pie hole doug,doug why dont you shut your pie hole
366,DOUG%20STOP%20BEING%20NERVOUS.mp3,unknown woman,nervous woman,doug stop being nervous
367,DOUG%20STOP%20WEARING%20MOM%20JEANS.mp3,fit chick,fit chick mom jeans,doug you have a nice rear end but stop wearing those mom jeans
368,DOUG%20SUCK%20IT.mp3,unknown man,suck it,"doug, suck it"
369,DOUG%20THIS%20IS%20SO%20HOT-TIM.mp3,tim,hot ,"doug, this is so hot"
370,DOUG%20VAUGHN%20TOP%20JOURNALIST.mp3,unknown man,top journalist,you know I respect mr vaughn as a top journalist in the world
371,DOUG%20WHATS%20WRONG%20WITH%20YOU.mp3,caller ellen,wrong ellen,oh my lord doug what is wrong with you
372,DOUG%20WILL%20BE%20IN%20ME%20CHAMBERS.mp3,tim,chambers,doug youll be in me chambers
373,DOUG%20WRONG.wav,unknown woman,wrong vaughn,doug vaughn is doug wrong
374,DOUG%20YOU%20PLAYING%20FOOTSIE%20WITH%20ME.wav,charlie,footsie,doug are you playing footsie with me?
375,DOUG%20YOU'RE%20RIGHT-GOOLD.mp3,derrick goold,goold right,doug youre right
376,DOUG'S%20A%20BULL.mp3,jimmy the bull,jimmy the bull ,dougs a bull
377,DOUG'S%20A%20LIVE%20180.mp3,tim,lithe weight,dougs a lithe buck eighty
378,DOUG'S%20DUMBASS%20(MIKE%20LEE).mp3,mike lee,mike lee dumbass,hey doug you a dumbass!
379,DOUG'S%20FANTASTIC-GOOLD.mp3,derrick goold,goold fantastic ,doug I think youre fantastic at what you do
380,DOUG'S%20GUY.mp3,tim,guy,"wow, thats dougs guy"
381,DOUG'S%20THE%20WINNER.mp3,unknown woman,winner,Dougs the winner
382,"DOUG,%20AH%20YES.mp3",tim,ah yes,"Doug ah yes, doug"
383,"DOUG,%20DON'T%20CONFORM.mp3",charlie,conform charlie,"Doug, I dont conform"
384,"DOUG,%20GOOD%20LUCK.mp3",unknown man,good luck,Doug I just want to wish you good luck
385,"DOUG,%20LOVE%20'EM%20UP.mp3",tim,love ,"Doug, love em up"
386,"DOUG,%20SAY%20SOMETHING.mp3",charlie,say something,Doug in the meantime why dont you say something
387,DOUGLOOSENUP.wav,alpena,loosen up,doug loosen up a little bit
388,DOUGRELAX.wav,alpena,relax,"Doug, relax"
389,DOUGS%20A%20PREDATOR.mp3,charlie,charlie predator,Dougs a predator
390,DOUGS%20AGGRESIVE.mp3,timberfake,aggressive,Doug youre so aggressive
391,DOUGS%20ASS-JAY%20JR.mp3,jay jr,dougs ass,Is Dougs ass as good as people say
392,DOUGS%20BUTT%20IS%20A%2010.mp3,plowboy,plowboy butt dime,Dougs is the 10 and is the scale you judge other butts off of
393,DOUGS%20DOOSIE.wav,cat,cat doosie,Dougs doosie
394,DOUGS%20NICE%20BUTT.mp3,unknown man,butt,Doug ya got a nice butt!
395,DOUGS%20PANTS-CAT.mp3,cat,cat pants,I dont remember putting Dougs pants on this morning
396,DOUGS%20REFUGEE.wav,cat,refugee boy dungeon basement,Its like youre a refugee from Dougs basement!
397,DOWN%20TO%20BANG.mp3,tim,bang,You know theyre down to bang!
398,DREDGED.wav,unknown woman,dredged bacon syrup,Have you ever kind of dredged the bacon through the syrup
399,DRESS%20EROTIC.mp3,unknown man,dress erotically ,I always dress erotically
400,DRINK%20BEER-GET%20BOOTY.mp3,timberfake,timberfake sexy coffee booty beer,I drink sexy coffee drink beers and get booties
401,DRINKS%20FROM%20TIT.mp3,unknown man,tit teet milk,she drinks from the teet
402,DRIP%20ON%20THE%20NIP.mp3,tim,nipple drip,sometimes a little drippin will get on my left nipple and ill go oh look
403,DRIPPING%20IN%20SEX.mp3,tim,sex taste,doug youre dripping in sex can I taste it
404,DROP%20IT%20LIKE%20ITS%20HOT.wav,larry,drop it like its hot ,yea you have to drop it like its hot doug
405,DROP%20LOADS%20LIKE%20IGGY-TIMBERFAKE.mp3,timberfake,loads timberfake iggy,hey I dont drop loads I drop kenny strodes on em
406,"DRUNK,%20HAMMERED.mp3",doug,drunk hammered,we were drunk we were hammered
407,DRY%20RUB.wav,jeff abeln,dry rub,youre a gentleman who enjoys a nice dry rub every once in awhile
408,DUCK%20BUTTER.wav,cat,duck butter,what is duck butter
409,DUDE%20IS%20A%20FRUIT-TIMBERFAKE.mp3,timberfake,fruit timberfake,"the dudes a fruit, man"
410,DUDES%20DIG%20ME.mp3,unknown woman,dudes dig,a lot of dudes dig me
411,DUE%20TO%20GIRTH.wav,unknown man,girth,due to his girth
412,DUH-TIMBERFAKE.mp3,timberfake,duh,duh
413,DULL%20DOUG.wav,rudy,dull rudy,doug sounds kind of dull
414,DUMBASS%20TEXT.mp3,jay jr,text dumb,read this dumb ass text
415,EACH%20PREROGATIVE.mp3,larry nickel,prerogative,well that each persons prerogative
416,EARNER.wav,cat,earner jhe cat,for awhile he was a good earner
417,EASIER%20WITH%20GUY.wav,willy,easier gentleman,is it easier with a gentleman
418,EDMONDS%20NAKED%20BODIES.wav,edmonds,naked bodies edmonds,naked bodies
419,ELEVATOR.mp3,doug,elevator ahyes ,elevator elevator it goes up it goes down ah yes elevator
420,ELITE%20SEED.mp3,unknown woman,seed cougar,just plowing through a bunch of dried up women in their late 30s who need some elite seed
421,EMILLIO%20ESTEVEZ%20IS%20HOT-CAT.mp3,cat,emilio estevez cute ,boy that emilio estevez if I werent straight I would go for him
422,EMOTIONAL%20FAN.mp3,caller adam,emotional adam,heaven forbid I would be excited or upset that my team was either losing or winning
423,EMPLOYEES%20=%20BABY.mp3,tim,employees baby,I call all of my employees baby because I think its right
424,ENJOY%20FRIENDLY'S%20FRIED%20CHICKEN-TIMBERFAKE.mp3,timberfake,friendlys fried chicken timberfake,yo I do like that friendlys chicken though
425,ENJOY%20LEGS%20N%20BUTTS%20ALOT.mp3,janie the lesbian,legs butts janie lesbian,I enjoy legs and butts a lot
426,ENJOY%20STRONG%20HANDS.wav,doug,gentleman strong hands,I thought you enjoyed a gentleman with strong hands
427,ENJOYS%20DABLING.mp3,tim,dabbling lesbian,well maybe the enjoys dabbling
428,ENTERTAINING%20STUFF.wav,joe strauss,wildly entertaining strauss sfw,wildy entertaining stuff guys
429,ENTERTAINING%20THE%20CITY.mp3,andy hanselman,joe roderick entertain,joe roderick entertaining the city
430,ESPANOL.mp3,cat,spanish,como gritas ejo boop
431,EVERYBODY%20F'ING.wav,tim,erbody ,erbody effin haha 
432,EVERYTHING%20HE%20DOES%20IS%20COOL.mp3,cat,cool,everything this guy does is cool
433,EWW.mp3,tim,eww,eww
434,EXACTLY.wav,unknown man,exactly,exactly
435,EXPLOSION.wav,sound effect,explosion,explosion 
436,EXTRA%20TIGHT.mp3,plowboy,tight plowboy,I like em extra tight
437,EYELIDS%20SEEPING.wav,plowboy,eyelids,eyelids are seeping below the normal
438,EYES%20=%20FRIES.wav,cat,fries cat,I can look into a mans eyes and know what kind of fries he likes
439,F%20ME.wav,tim,f me,f me
440,FACEBAT-LARRY.mp3,larry nickel,facebat larry,via the facebat
441,FACEBOOK%20FRIENDS%20ARE%20STUPID.mp3,charlie,facebook friends stupid charlie,facebook friends are stupid
442,FACEBOOK%20TWITTER.wav,larry,twitter facebook larry,im a good follow on twitter im a good follow on facebook
443,FALL%20TIME%20(PITINO).wav,rick pitino,fall time pitino,fall time is here
444,FAMILY%20PROUD.wav,tim,family proud,ah my familys proud
445,FAN%20OF%20EVERYTHING.wav,weezer,fan weezer,im a fan of everything
446,FAN%20OF%20THE%20CAT.mp3,unknown man,fan of the cat ,im a big fan of jimmy the cat hayes
447,FANCIFUL%20DEPICTION.wav,tim,fanciful depiction,fanciful depiction
448,FANCY%20CUTS.wav,jeff abeln,fancy cuts,fancy cuts
449,FANCY%20LAD.mp3,tim,fancy lad,well im a fancy lad
450,FANTASTIC%20SCENERY.mp3,plowboy,plowboy fantastic scenery pony,it is fantastic scenery out there
451,FANTASY%20TEAM.mp3,joe strauss,fantasy strauss ,well I dont care hes on my fantasy team
452,FAT%20KIDS%20BELLY%20JIGGLING.mp3,charlie,fat kid belly jiggling charlie,isnt it funny to see a fat kid with his belly jiggling
453,FEEL%20ENTITLED.wav,unknown man,entitled,well I feel entitled 
454,FEEL%20GOOD%20HAHA.wav,unknown man,feel good,I feel good haha
455,FEEL%20SEDUCTIVE.mp3,tim,seductive,do you guys feel seductive 
456,FEELING%20HOT.wav,willy,willy hot,im feeling hot tonight dolly
457,FEW%20POSITIONS.wav,willy,positions,I was in a few positions
458,FFF.wav,denny,foot fetish Friday fff,a foot fetish Friday
459,FIFA%20FIFA.wav,prodjoe,fifa soccer joe,fifa fifa
460,FIGHT%20FOR%20ME%20BOYS.mp3,tim,fight boys,fight for me boys
461,FILTHY%20LEMMING.mp3,cat,filthy lemming,you disgustingly filthy lemming
462,FINALLY%20A%20GOOD%20QUESTION.mp3,doug,good question,finally we ask a good question
463,FINE%20PRESENTATION.wav,larry nickel,fine presentation larry,this show is a fine presentation
464,FINE%20WITH%20ME.wav,tim,fine with me,fine with me
465,FINGER%20IN%20A%20DYKE.mp3,tim,finger dyke,finger in the dyke
466,FINGER%20IN%20CHESTS.mp3,tim,finger in chests,I like to put my finger in chests
467,FINISH%20ON%20MY%20FACE.mp3,unknown man,finish on face,tim finished on my face
468,FINNA%20BE%20RICH.wav,tim,finna be rich,we finna be rich
469,FINNA%20BE%20TURNED.mp3,tim,finna be turned,someone finna be turned
470,FIRST%20IMPRESSION%20ROSE.mp3,doug,bachelorette first impression rose,do you know how emotional it is when a girl gives a guy a first impression rose
471,FISCAL%20SENSE.mp3,charlie,fiscal sense,thats why it makes fiscal sense
472,FLIP%20SWITCH.wav,charlie,flip switch,flip the switch
473,FLOUNCE%20WITH%20ME.mp3,tim,flounce bounce with me,flounce with me
474,FLUBBED%20UP.wav,plowboy,flubbed up,I flubbed up
475,FM%20RADIO-CALLER%20ADAM.mp3,caller adam,fm adam,I cannot believe this is on fm now
476,FOLLOW%20CAT%20ON%20TWITTER.mp3,larry nickel,cat twitter larry,you can follow the cat on twitter at the cat on fox
477,FOOT%20FETISH-JAY%20JR.mp3,jay jr,foot fetish jay,people think that sometimes I have a foot fetish
478,FOR%20REAL.wav,unknown man,real,for real
479,FOR%20REALSIES.wav,willy,realsies,for realsies
480,FORCED%20THIS%20DOWN%20HER%20THROAT.wav,plowboy,forced down throat,its like I just forced this down her throat
481,FOUR%20INCHES.mp3,jeff abeln,four inches abeln,what about four inches
482,FOURSOME.mp3,charlie,foursome,we had a foursome
483,FOX%202=PHD.mp3,charlie,fox phd journalism,dont you think working for the 2 fox is more prestigious than getting a phd
484,FRANK%20HIT%20ON%20ME.mp3,unknown man,frank,franks been in before hes hit on me
485,FRANK%20HOW%20ARE%20YOU-KROENKE.mp3,stan kroenke,frank kroenke ,frank how are you today
486,FRANK%20THINKING%20OF%20RENE.mp3,frank cusumano,frank rene,ooh gosh thats sick im thinking of Rene right now
487,FRANK%20THOMAS%20METS.wav,Frank Thomas,mets frank thomas world series,mets have nothing to hold their heads down for except they didnt play that well and they gave away this world series
488,FRANK%20UP%20NEXT.mp3,tim,frank,franks up next
489,FRANK-DOUG%20SMALL%20JOHNSON.mp3,frank cusumano,frank ego johnson,frank would you say this statement is accurate big ego small johnson I cant confirm nor deny
490,FRANK-GAY%20PORN.mp3,frank cusumano,gay porn frank,this looks like gay porn here
491,FRANKS%20TESTICLE.mp3,frank cusumano,frank left testicle,what if I had my left testicle out and I was handing you a beer
492,FRAUD.mp3,unknown man,fraud,youre a fraud
493,FREAKS%20ROLL%20WITH%20ME.mp3,tim,freak roll with me,ay if you roll with me you gotta be a freak
494,FREE%20DOTEM-HRABE.mp3,chris hrabe,hrabe free dotem,free dotem
495,FREE%20DOTEM-VASGERSIAN.mp3,matt vasgersion,free dotem vasgersian,good talking to you guys free dotem
496,FREE%20DOTEM.mp3,unknown man,free dotem,free dotem
497,FREE%20SPEECH%20N%20BOOZE.mp3,clay travis,clay travis boobs,I love two things the first amendment and boobs
498,FRESH%20MEAT.mp3,tim,fresh meat,how sweet fresh meat
499,FRIES%20BEFORE%20GUYS.mp3,tim,fries guys,fries before guys
500,FRIES%20N%20GRAVY.wav,cal may,french fries gravy,your french fries and gravy sir
501,FRIES.wav,unknown man,waffle fries sfw,what about the waffle fries?
502,FRIES=SEXY%20YEILD.mp3,timberfake,sexy yield fries timberfake,my fries have sexy yield by the way
503,FRISKY%20LESBO.mp3,jay jr,frisky lesbo jay,shes a frisky lesbo
504,FROTHY.mp3,unknown man,frothy,im frothy today
505,"FRUITIEST,%20CHEWIEST.mp3",plowboy,fruity chewy,theyre the fruitiest and the chewiest
506,FRUITIEST.mp3,cat,fruitiest ,well I think youre the fruitiest
507,FRY%20CONNOISSEUR.wav,unknown woman,fry connoisseur,I consider myself a fry connoisseur
508,FRY%20KNOWLEDGE.wav,cat,fry knowledge,are you at all impressed at all by our fry knowledge
509,FRY%20OR%20BROWN%20EYE.mp3,unknown man,fry brown eye,would you rather eat a fry or my brown eye
510,FUGLY%20DORK.mp3,tim,fugly dork chicken,youre a fugly dork that steals chicken
511,FULL%20MAST.mp3,joe roderick,full mast roderick,joe doesnt even have me at full mast
512,FUNNIN'.wav,cat,funnin ,I was just funnin
513,FUNNY%20IS%20GOOD.mp3,cat,funny is good,funny is good
514,Fixings.wav,kenny powers,fixings kenny powers,oooo were gonna have a lot of fixins
515,GAMBLE%20AND%20BOOZE-CHARLIE.mp3,charlie,gamble and booze charlie,ya gotta gamble and booze
516,GAME%20PLAN.wav,unknown man,game plan,it actually comes down to the game plan
517,GANGBANG.mp3,jay jr,gang bang jay,sounds like a gang bang to me
518,GANGED%20UP%20ON.mp3,charlie,ganged up,ive been the one whos been ganged up on
519,GANGSTER.wav,doug,gangster ,I dont think its that gangster
520,GANJA%20GARDEN%20GURU.mp3,cat,ganja garden guru,ganja garden guru
521,GARBAGE.wav,unknown man,garbage,this is garbage
522,GARY%20PINKEL.wav,gary pinkel,gary pinkel,ok guys thank you
523,GAY%20DAUGHTER-ADAM.mp3,caller adam,daughter gay adam lesbian,I dont care if my daughter is gay
524,GAY%20FOR%20DOUG.mp3,ray king,gay ray king,im gay for doug
525,GAY%20N%20STRAIGHT.mp3,cat,gay straight cat,hes fine with being gay except he happens to be straight
526,GAY%20ON%20AIR.mp3,timberfake,timberfake gay on air,can I say gay on air
527,GAY%20PAGE-TIMBERFAKE.mp3,timberfake,timberfake gay page,put em on your little gay page
528,GAY%20PORN.mp3,tim,porn gay,like sometimes I wanna watch gay porn sometimes I wanna watch straight porn ok fine
529,GAY%20SEX%20IS%20FUN.mp3,tim,gay sex,gay sex is fun
530,GAY%20SEX.mp3,tim,gay sex,just for the gay sex
531,GENDER%20TRANSFORMATION.mp3,doug,gender transformation tranny,is this the first step towards gender transformation
532,GENERAL%20TSO'S.mp3,willy,general tso,general tso general tao
533,GENIUSES.wav,unknown man,genius,hey geniuses 
534,GENTLEMAN%20AND%20DOUG.mp3,unknown woman,hello,hello gentleman and doug
535,GENTLEMAN.wav,weezer,gentleman,im a gentleman
536,GENTLEMANS%20LOVE.mp3,tim,gentlemans love,I will see a gentlemans love
537,GET%20A%20COUGAR.wav,willy,cougar willy,it is the place you want to be to get yourself a cougar
538,GET%20A%20LIFE.wav,natty nate,natty nate get a life,get a life dude
539,GET%20A%20NEW%20SHTICK-ADAM.mp3,caller adam,schtick adam,get a new schtick idiot
540,GET%20ANY%20GIRL%20I%20WANT.mp3,timberfake,playbaby girl timberfake,im the playbaby I get any girl I want
541,GET%20CERTIFIED.mp3,tim,certified,lets get certified baby
542,GET%20DRUNK-LARRY.wav,larry nickel,drunk larry,uh get drunk
543,GET%20IN%20THERE.wav,tim,get in there,get in there boys
544,GET%20IN%20THESE%20UNDIES%20.mp3,tim,get in these drawers undies,its not tough to get into these drawers though
545,GET%20IT%20UP%20QUICK.mp3,tawnee,get that up tawnee,how quickly do you need to get that up
546,GET%20LAID%20BROTHER-TIMBERFAKE.mp3,timberfake,get laid timberfake,I just sit back and get laid brother
547,GET%20ON%20BASE.mp3,tim,get on base,gotta get on base there
548,GET%20OUTTA%20HERE.wav,unknown man,get outta here,get the hell outta here
549,GET%20SCREWED.mp3,prodjoe,get screwed joe,get screwed
550,GET%20THE%20W-CHARLIE.mp3,charlie,football run charlie,if you can run the football and you can stop the run you have a good chance of getting the w
551,GET%20THIS%20GUY%20OFF.wav,cat,get off guy cat,get this guy off
552,GET%20THOSE%20CONDOMS-CHASER.mp3,kelly chase,condoms doug chase,doug you make sure you go out and get those condoms
553,GET%20US%20A%20SLURPY.mp3,joe strauss,strauss,go get us a slurpy cause hey were trying hard
554,GETTING%20GOOD.wav,unknown man,getting good,youre getting good at this
555,GETTING%20OWNED.wav,charlie,owned charlie,youre getting owned right now
556,GETTING%20WITH%20BLACK%20GUYS.mp3,plowboy,black gentleman plow,you are interested in getting with a black gentleman
557,GIDDY%20UP.wav,unknown man,giddy up,giddy up guys
558,GIRLS%20ARE%20HOT.wav,unknown woman,girls hot lesbian,girls are hot
559,GIVE%20ME%20A%20HUG.mp3,cat,cat hug,come here and give me a hug
560,GLAD%20YOU%20ASKED%20JIM.mp3,unknown woman,jim glad you asked,well jim im glad you asked
561,GLICK%20WEB.wav,jiminy glick ,jiminy glick tangled web,oh what a tangle web weve weaved
562,GLORYHOLE%20FACEBOOK.mp3,larry nickel,facebook larry gloryhole,I posted a picture on facebook about a glory hole
563,GLORYHOLES%20ARE%20REAL.mp3,larry nickel,gloryholes larry,gloryholes are real
564,GO%20BLUE%20NOTE.mp3,unknown man,go blues,go blue note
565,GO%20PACK.wav,plowboy,packers plow,go pack
566,GO%20SEAHAWKS.mp3,unknown man,seahawks,go seahawks
567,GO%20SUCK%20IT.mp3,unknown man,suck it,well they can go suck it
568,GOD%20BLESS%20(RONDO).wav,rondo,butch jones tennessee rondo,god bless butch jones and god bless charlie daniels
569,GOD%20THAT%20SUCKED.wav,unknown man,sucked,god that sucked
570,GOING%20GETS%20TOUGH.mp3,unknown man,going tough,when the going gets tough the tough get going
571,GOING%20TO%20BE%20A%20PONYSHOW-LARRY.mp3,larry nickel,pony show larry,yea I knew it was going to be a pony show
572,GOITER%20SITUATION.mp3,cat,goiter cat,weve got a goiter situation 
573,GOLDBERG%20CUP%20(I-70%20SERIES).mp3,cat,goldberg cup,some say this is the i70 showdown I call it the goldberg cup
574,GOLF%20CLUBS.mp3,doug,golf clubs ,hes got all the clubs in the sack
575,GONNA%20DO.wav,unknown man,gonna do,whats you gonna do
576,GOOCH.wav,plowboy,gooch plowboy,gooch
577,GOOD%20DEAL.mp3,plowboy,deal,ok good deal
578,GOOD%20FOR%20YOU.mp3,cat ,good for you cat sfw,good for you
579,GOOD%20JOB%20JIMMY.mp3,unknown man,good job jimmy,good job jimmy
580,GOOD%20LUCK.wav,charlie,good luck charlie,tel em good luck
581,GOOD%20MATH-LARRY.mp3,larry nickel,math larry,good math doug
582,GOOD%20MORNING-MO.mp3,john mozeliak,john mozeliak morning,good morning
583,GOOD%20ONE.mp3,unknown man,good one,haha good one
584,GOOD%20QUESTION%20DOUG.mp3,rick hummel ,good question hummel,good question doug
585,GOOD%20QUESTION-WAINO.mp3,adam wainwright,good question wainwright,no thats a very good question
586,GOOD%20READ%20TIM.mp3,janie the lesbian,janie good read,tim I think thats a good read
587,GOOD%20SHAPE.wav,douglas,shape douglas,are we in good shape
588,GOOD%20SHOW.mp3,tim,good show,this is the ryan kelly morning after some say its a good show
589,GOODIES.wav,plowboy,goodies,all of our goodies
590,GOT%20A%20CARPORT.mp3,unknown man,carport,well I have a carport
591,GOT%20A%20TASTE.wav,willy,taste,you got a taste and now you want more
592,GOT%20ANYTHING%20ELSE%20FOR%20ME.mp3,gabe dearmond ,gabe anything else,tim jim you guys got anything else
593,GOT%20FIT%20CHICKS%20NUMBER.mp3,larry nickel,fitchick larry,I got fitchicks number I can text her whenever I want her to come over
594,GOT%20IT%20OR%20NOT.mp3,unknown man,got it ,you either got it or you dont man
595,GOTTA%20GO%20TO%20WORK.mp3,unknown woman,gotta work,im sorry guys I gotta go to work
596,GOTTA%20LOVE%20'EM%20UP.mp3,cat,love em up,you gotta love em up
597,GOTTA%20RUN-ELLEN.mp3,caller ellen,gotta run ellen,well fellas gotta run
598,GRANDKIDS%20WATCHING%20DOUG.mp3,paul from wc,paul weekend sports,my grandkids are going to be watching you doing weekend sports
599,GRANDMOTHERS%20BREATH.mp3,jay jr,jay grandmother,shes stronger than grandmothers breath
600,GRAYSEXUAL.mp3,unknown man,graysexual ,graysexual to me is someone who is between asexual and someone who is sexual
601,GREAT%20DAY.mp3,plowboy,great day plowboy,its gonna be a great day
602,GREAT%20JOB.mp3,unknown man,great job,well youre doing a great job on that program
603,GRIKICH.mp3,unknown man,grikich grichuk,grikich
604,GRINDERS%20AND%20MUCKERS.wav,wayne gretzky ,grinders muckers,the grinders the muckers
605,GRIP%20YOUR%20SEED.mp3,tim,seed grip,ill grip onto your seed bro
606,GRUNT.wav,unknown man,grunt,grunt noise
607,GUNS%20N'%20BUTTER.mp3,tim,guns butter,guns and butter baby guns and butter
608,GUY%20GETS%20RAPED.mp3,steve in wildwood,guy raped,watching that one guy get raped
609,GUY%20IS%20ATTRACTIVE.mp3,charlie,charlie guy attractive,that guy is attractive doug
610,GUY%20MAKES%20ME%20WET.mp3,tim,wet guy,this guy makes me wet
611,GUYS%20ARE%20TIGHT.wav,unknown man,tight,you guys are tight
612,GUYS%20HIT%20ON%20ME.mp3,tim,hit on me,I like when guys hit on me
613,GUYS%20PLAY.wav,tim,guys play ,guys like to play with each other
614,GUYS%20WANNA%20BANG%20YOU.mp3,tim,guys bang,a lot of guys wanna bang you
615,GabeTalkingToMe.wav,gabe dearmond ,talking ,talking to me
616,Glick%20Europe.wav,jiminy glick ,europe jiminy,they say hes even popular in europe
617,HA%20HA%20HA.wav,unknown man,ha ha ha ,ha ha ha
618,HAD%20A%20GENTLEMAN.wav,Rich from Maryland Heights,rich gentleman,I just had a gentleman
619,HAENCHEN%20FAN.mp3,cat,haenchen,ive been a haenchen fan since 1984
620,HAHA%20OK.wav,unknown woman,ha ok,ha ha ok
621,HAHA%20SORRY.mp3,unknown man,sorry,haha sorry
622,HAIR%20=%20BEAR.wav,willy,bear,I dont think you need to have hair to be a bear
623,HANDLING%20YOURSELF.mp3,tim,handling lounge masterbate,what are you doing are you in a lounge chair handling yourself
624,HANDS%20AND%20KNEES.mp3,unknown man,wwe hands knees apologize,get down on your hands and knees and apologize
625,HANDS%20IN%20THERE.wav,doug,hands ,wouldnt you feel the hands up in there
626,HANGING%20UP.wav,unknown man,hanging up,hanging up
627,HANKORING%20FOR%20SOME%20WEEN.mp3,tim,hankoring ween,I just had a hankoring for some ween
628,HAPPY%20GILMORE.wav,unknown man,happy gilmore sfw,happy gilmore accomplished that feat no more than an hour ago
629,HARD%20AND%20DEEP.wav,cat,hard deep cat,looking hard and deep
630,HARD%20TO%20KICK.mp3,plowboy,plowboy kick,its a hard one to kick
631,HARDCORE%20BUSCH%20LIGHT%20DRINKER.mp3,ryan kelly,busch light kelly,im a hardcore busch light drinker
632,HASHY%20SANDY.wav,plowboy,hashy sandy,hashy sandy
633,"HATE%20US,%20AIN'T%20US.mp3",joe roderick,hate aint roderick,the hate us cuz they aint us
634,HAVE%20JUST%20EATEN.mp3,charlie,eaten charlie,I had just eaten im not going to lie
635,HAVENT%20SEEN%20THOSE%20STATS.mp3,tim,stats ,I havent seen those stats
636,HE%20HE%20HE.wav,unknown man,hee,hee hee hee hee 
637,HE%20IS%20SPRUNG.mp3,cat,sprung,he is sprung
638,HE%20PLAYED%20YOU.mp3,charlie,played charlie,he played you
639,HE%20WAS%20ADORABLE-BENJAMIN.mp3,benjamin hochman,adorable hochman,he was adorable
640,HE'S%20HOT%20(HITCH).wav,ken hitchcock,hitchcock hot,I dont know that hes hot
641,HE'S%20REALLY%20GOOD.mp3,prodjoe,good prodjoe,hes really good
642,HEAD%20FIRST.wav,unknown man,headfirst,you have to go head first
643,HEAD%20IN%20GLORYHOLE-LARRY.mp3,larry nickel,larry gloryhole,he can go stick his head in a gloryhole
644,HEARING%20AID.mp3,unknown man,hearing aid deaf,you need a hearing aid
645,HEAVY%20GAY%20EMPHASIS.mp3,doug,gay,heavy gay emphasis 
646,HEAVY%20PETTED%20HER.wav,tim,heavy petting petted,I heavy petted her
647,HEGONE%20CHARLIE.wav,charlie,he gone charlie,he gone
648,HELL%20NO.wav,Rich from Maryland Heights,hell rich,hell no
649,HELL%20OF%20IDEA.wav,plowboy,idea plowboy,that is one hell of an idea buddy
650,HELLO%20DOUG.wav,caller ellen,hello ellen,well hello doug
651,HELLO%20I'M%20LEAVING.mp3,unknown woman,leaving ,hello im leaving
652,HELLO%20NEIGHBOR.wav,unknown man,neighbor,hello neighbor
653,HERE%20COMES%20BIG%20MAN.wav,dan mac,big man dan,here comes the big man
654,HEROIN%20UP%20ASS.mp3,tim,drug mule heroin,I usually have a baloon of heroin up my ass
655,HES%20GOT%20UPS.wav,doug,ups jump,hes got ups
656,HEY%20BROAD.wav,charlie,charlie broad,hey broad
657,HEY%20DOC%20TAKE%20A%20LOOK%20OVER%20HERE.mp3,charlie,doc look charlie,hey doc why dont you take a look over here
658,HEY%20DOUG%20(WHISPER).mp3,charlie,hey doug charlie,hey doug
659,HEY%20GAL.mp3,doug,hey gal,hey gal
660,HEY%20HEY.wav,unknown woman,hey,hey hey
661,HEY%20MISTER.mp3,willy,mister willy,hey mister
662,HEYMAN-TRA%20LA%20LA%20LA.mp3,unknown man,tra la,tra la la la
663,HI%20I'M%20DARIN.mp3,plowboy,darin spring training,hi im darin great to meet you
664,HI%20YOU%20GUYS.wav,unknown woman,hi,hi you guys
665,HIDE%20YOUR%20GAY.mp3,tim,hide gay mason dixon,usually below south of the mason dixon line you have to at least hide your gay
666,HIRE%20TWINKS.wav,tim,twinks hire,I do like to hire twinks
667,HISSY%20TANTRUM.mp3,plowboy,hissy tantrum,just a big ol hissy trantrum
668,HIT%20THE%20NAIL%20CAT.mp3,larry nickel,nail on head larry,you hit the nail on the head cat
669,HITTING'S%20HARD.mp3,unknown man,hitting,hittings hard
670,HOCKEY%20GODS.mp3,ken hitchcock,hockey gods hitchcock blues,hockey gods took care of us
671,HOES%20IN%20STABLE.mp3,timberfake,timberfake hoes in stable phillies paddock,I got a lot of hoes in my stable
672,HOLLA%20AT%20YO%20BOY.mp3,doug,manchild holla holler at yo your boy,holla at yo boy
673,HOLLIDAY%20AS%20ROSIE.wav,matt holliday ,holliday rosenthal ,ill be a starter soon I just gotta tell mike
674,HOLLIDAY-GREAT%20RADIO%20SHOW.mp3,matt holliday ,holliday radio,hes got that amazing radio show
675,HONOR%20TO%20SPEAK%20WITH%20TIM.mp3,unknown man,lemming honor ,first thing is what a privelidge it is to speak with tim mckernan
676,HOOSIERS%20A%20HOOSIER.mp3,cat,hoosier,I think a hoosier is a hoosier no matter where you are geographically
677,HORNY.mp3,unknown man,horny,im horny
678,HORRENDOUS%20PRESENTATION.wav,doug,horrendous presentation,this is such a horrendous presentation
679,HOSTS%20ALL%20CURIOUS.mp3,tim,curious host gay,every host of this show sounds to be at the very least curious
680,HOT%20AIR.mp3,charlie,hot air charlie,all the hot air coming out of your mouth
681,HOT%20BOD%20IN%20HOT%20BIKINI.mp3,unknown man,hot bod bikini ,not to mention her hot bod that looks hot in a bikini
682,HOT%20BROADS.mp3,janie the lesbian,hot broads,theres a lot of hot broads out there
683,HOT%20GUY.wav,tim,hot guy ,whos going to turn down a hot guy
684,HOT%20ITEM.wav,tim,hot item,youre a hot item
685,HOT%20LASS.mp3,larry nickel,hot lass larry,shes uh a hot lass
686,HOT%20MAIL.wav,doug,hotmail douchebag,hotmail screams douchbag
687,HOT%20MILK-TIMBERFAKE.mp3,timberfake,hot milk timberfake,I need hot milk
688,HOT%20OLDER%20GUY.mp3,cat,older hot guy,for an older guy your hot
689,HOT%20PLAYER.mp3,doug,hot player,you gotta go with your hot player
690,HOT%20SHOT.wav,unknown man,hot shot,hahaha ok hot shot
691,HOT%20SIDELINE%20REPORTER.mp3,unknown man,sideline reporter,every town has like a hot sideline reporter and it was cool meeting stls last night
692,HOT%20TAKES%20ON%20TMA-LARRY.mp3,larry,hot takes larry,go ahead with the hot takes on the ryan kelly morning after
693,HOTTEST%20TWINKS.mp3,tim,hottest twinks,wherever the hottest twinks are bro
694,HOW%20ARE%20YOU%20DOUG.mp3,jay jr,jay how are,how are you Doug?
695,/HOW%20BOUT%20THIS%20WEATHER.wav,tim,weather,how bout this weather?
696,HOW%20WE%20DOIN.mp3,unknown man,how we doin,how we doin fellas
697,HOW%20YA%20DOIN.wav,unknown woman,how doin,how ya doin boys
698,HUH-LARRY.mp3,larry,huh larry,huh
699,HUMMING%20BIRD%20TOUNGE%20BOY.mp3,tim,tongue hummingbird ,you have the tongue of a hummingbird boy
700,HUMP%20DAY.wav,unknown man,hump day,hump day
701,HUNG%20LIKE%20A%20BULL.mp3,tim,hung bull,hung like a spanish fighting bull
702,HUNGER%20STRIKE-TJ%20MOE.mp3,tj moe,hunger strike tj moe,you dont need hard work you dont need intelligence you dont need a good break you just need a good old fashioned hunger strike to get what you want
703,Holy%20Cow.mp3,alpena ,holy cow alpena,holy cow 
704,I%20AM%20GREAT-CAT.mp3,cat,great cat,well I am great wouldnt you say
705,I%20DON'T%20KNOW.mp3,willy,dont know willy,I dont know
706,I%20DONT%20CARE.wav,unknown man,dont care,I dont care
707,I%20HAVE%20NEVER.mp3,doug,have never,I have never in my live long life
708,I%20LIKE%20HAMHOCKS.mp3,charlie,hamhocks charlie,I like hamhocks
709,I%20LIKE%20IT-PLOWBOY.mp3,plowboy,plowboy like it,I like it
710,I%20LOVE%20GIVING%20HUGS.mp3,unknown man,love hugs,I love giving hugs
711,I%20LOVE%20TIM.mp3,unknown man,lemming,I love tim
712,I%20LOVE%20YOU%20DOUG-JACKIE.mp3,jackie,jackie love doug,you know I love you doug
713,I%20Love%20It%20.mp3,unknown man,love it,I love it
714,I%20NEED%20DADDY%20TO%20GIVE%20ME%20ORDERS.wav,unknown woman,porn daddy orders sub,im a very obedient girl I need daddy to give me orders
715,I%20WANT%20TO%20BANG%20TIM-LARRY.mp3,larry nickel,bang larry lemming,I want to bang tim
716,I%20WANT%20TO%20SCREW%20YOU.mp3,unknown man,screw,and then I wanted to screw you
717,I%20WAS%20IN%20BED.wav,willy,bed willy,I was in bed
718,I'M%20A%20PRO.wav,unknown man,pro,im a pro
719,I'M%20HOT-LARRY.mp3,larry nickel,hot larry,im hot
720,I'M%20NOT%20GAY.wav,unknown man,gay,im not gay
721,I'M%20PRETTY%20HOTH.mp3,tim,hoth ,im pretty hoth
722,I'M%20THE%20BULL.mp3,jimmy the bull,bull,im not hard to find im the bull
723,I'M%20THE%20DOUCHE.mp3,plowboy,douche plowboy,im the douche
724,I'M-A%20DO%20ME.wav,charlie,ima do me charlie,"you do you, ima do me"
725,I'VE%20WORKED%20IN%20TV.mp3,charlie,network television journalism charlie,ive worked in television for 11 years professionaly 
726,IDIOT.mp3,cat,idiot,what an idiot
727,IDK%20IF%20THATS%20WHAT%20YOU%20SAID.wav,weezer,weezer dunno,I dont know if thats what you said
728,IF%20ONLY%20WE%20COULD%20BE%20DOUG.mp3,unknown man,could be doug,if only we could be doug vaughn
729,IF%20WE%20WERE%20SMART.mp3,charlie,smart charlie,"and if we were smart, which we werent "
730,IGGY%20CUCKOLD.wav,iggy,cuck hedonism iggy mmf threesome swinger,a nice lady and her husband come up and asked if I wanted to join them in the pool
731,ILLEGAL%20FORMATION.mp3,unknown man,rams illegal formation,illegal formation the whole right side of the line was not on the line of scrimmage 
732,IM%20A%20COOL.mp3,big al,cool big al,cat tell em im a cool
733,IM%20A%20GAY.mp3,unknown man,gay,im a gay
734,IM%20AWESOME-LARRY.mp3,larry nickel,awesome larry,and im awesome
735,IM%20EXCITED.wav,unknown woman,woman excited,im excited
736,"IM%20LACTATING,%20THX.wav",chaps,lactating chaps,doug im lactating thanks
737,IM%20PRETTY%20DAMN%20GOOD.wav,tim,damn good,yea im pretty damn good
738,IM%20STICKING%20IT%20IN.wav,tim,stick in,Ill tell you what im doing im sticking it in
739,IMPERIALISTIC%20BASTARD.wav,unknown man,imperialistic bastard,imperalistic bastard
740,IN%20BED%20.mp3,tim,bed,doug and I watched it in bed
741,IN%20GAY%20COMMUNITY.mp3,plowboy,gay community twink plowboy,basically doug I would be in the gay community a twink
742,IN%20THE%20BUTT.mp3,tim,butt,what what in the butt
743,IN%20THE%20PAST%20JIM.wav,matt holliday ,past matt holliday,dont live in the past jim
744,IN%20YOUR%20MOUTH.mp3,plowboy,inch mouth oral,quarter inch in your mouth
745,INCHES%20NEED%20TO%20BE%20FILLED.mp3,unknown man,inches filled,there are inches of open spaces that need to be filled
746,INDIFFERENT%20TO%20DOUG.mp3,joe strauss,strauss indifferent,totally indifferent to what doug says
747,INSIDE%20SKINNY.wav,cat,inside skinny,thanks for the inside skinny
748,INSTANT%20LEGEND.mp3,charlie,legent,instant legend
749,INTELLIGENT%20GAY%20GUYS.mp3,tim,intelligent gay,guys who are intelligent but very gay
750,INTERESTING%20SEGMENT.mp3,unknown woman,interesting segment,yea it was definitely an interesting segment 
751,INTERN%20MIKE.wav,tim,intern twink,intern mike is a cute little twink
752,INTERRUPT.mp3,unknown man,interrupt,I dont want to interrupt anything am I interrupting something
753,INTO%20THE%20GAYS.mp3,katie kay,katie kay kkd lesbian gays,I guess im probably into the gays though
754,IRISH%20WISKEY%20&%20SMALL%20PENIS.mp3,tim,irish penis small,theres al mcguire and hes gonna have some irish whiskey with a small penis
755,IS%20THIS%20JAY%20JR.mp3,timberfake,timberfake jay randolph,is this randolph jr
756,IS%20TIM%20HERE%20(MO).mp3,john mozeliak,mozeliak ,is tim here
757,IS%20TIM%20THERE.mp3,caller adam,there tim adam,is tim there
758,IT%20MATTERS.wav,frank cusumano,matters frank it matters it matters,
759,IT%20SUCKED.wav,unknown man,sucked terrible,aw it sucked
760,IT%20SUCKS.wav,caller adam,sucks adam,it sucks
761,IT'LL%20BE%20ALRIGHT.mp3,rick hummel ,hummel breath alright,take a deep breath itll be alright
762,IT'S%2050-50.mp3,charlie,charlie undecided,its 50 50
763,IT'S%20IN%20THERE.wav,mike lee,lee in there,its in there
764,ITCH%20TO%20SCRATCH.mp3,tim,itch scratch,dont you have an itch you have to scratch
765,ITS%20A%20SPANIEL.mp3,charlie,spaniel charlie,its a spaniel
766,ITS%20DAMN%20TRUE-LARRY.mp3,larry nickel,true larry,its true its true its damn true
767,ITS%20NOT%201967%20DOUG.mp3,unknown man,past ,its not 1967 anymore doug
768,ITS%20OKAY%20DOUG.wav,larry nickel,okay larry,its ok doug
769,ITS%20THE%2090S.wav,tim,relationships,its the 90s and open relationships were all the rage
770,ITS%20THE%20SEC.wav,unknown man,sec,its the sec man
771,ITS%20TRUE.wav,joe roderick,roderick true,its true doug
772,IZZO.wav,dick vitale,izzo vitale tournament ncaa march madness italian,sorry tom izzo
773,JACK%20KENNEDY%20OF%20LESBIANISM.mp3,tim,lesbianism jack kennedy,im the jack kennedy of lesbianism
774,JANIE%20WANT%20TO%20TOUCH.mp3,jay jr,lesbian janie jr touch,janie you want to touch
775,JARED%20FROM%20SUBWAY%20CUTOUT.mp3,unknown man,jared subway cutout,hey doug what are you going to do with your jared from subway cutout
776,JASMIN%20SIDE%20OF%20DOUG.mp3,jasmine huda,jasmine huda kmov,well I have never seen this side of you doug
777,JAY%20JR%20BULL.mp3,plowboy,jay bull plowboy,sounds like jay jr is more of a bull than we thought
778,JENNA%20SCHOOL.mp3,unknown woman,jenna,the jenna school
779,JERK%20OFF%20TEXTERS.mp3,charlie,texters charlie jerk,all these jerk off texters
780,JEWISH%20RIGAMAROO.mp3,caller adam,jewish jha adam rigamaroo,that sounds like a bunch of jewish rigamaroo
781,JHE%20SCOUTING%20DOUG.mp3,cat,jhe jewish scouting cat,JHE is scouting Doug Vaughn
782,JHE%20XMAS.mp3,unknown man,xmas jhe holidays christmas jewish,I didnt realize that jim hayes enterprises celebrated the xmas side of the holiday
783,JIM%20ROSS.wav,jim ross,wwe jim ross wrestling slobberknocker,its going to be a sloberknocker
784,JIMMYS.wav,charlie,jimmys condom charlie,arent jimmys a name for a condom
785,JOE%20ON%20JORTS.wav,prodjoe,jorts prodjoe aroused hard,theres nothing that gets me harder than jorts
786,JOE%20RODERICK%20BROADCASTING.mp3,doug,joe roderick broadcasting engineering,welcome to joe roderick broadcasting
787,JOE%20RODERICK%20LEAGUE.mp3,prodjoe,prodjoe joe roderick fantasy league,hey I dont run a joe roderick league
788,JOHN%20KELLEY%20CANT%20WAIT%20TO%20SEE%20CAT.mp3,john kelley,cat john kelley ,cat I cant wait to see you
789,JORDAN%20WALDEN%20BALOON%20PARTY.mp3,joe strauss,strauss walden,jordan walden baloon party is on its way
790,JOURNALISM%20VICTORY.wav,unknown man,journalism,a journalism victory
791,JUICES%20SQUIRTING%20EVERYWHERE.wav,charlie,juices squirting charlie,juices squirting everywhere
792,JUMP%20FENCE.mp3,cat,jump fence,they were screaming at him they were going to jump the fence come on the field and have their way with him
793,JUNK%20IN%20TRUNK.mp3,willy,junk trunk booty,you like some junk in the trunk
794,JUST%20A%20CRACKER.wav,cat,cracker cat caulk,you are just a cracker
795,JUST%20A%20TITCH.wav,cat,titch,eh its just a titch
796,JUST%20AMAZING.mp3,plowboy,amazing plowboy,that was just amazing
797,JUST%20BLESSED.wav,unknown man,blessed,im just blessed
798,JUST%20GO%20AT%20IT.wav,willy,willy,we all just sit down and go at it
799,JUST%20MAKE%20OUT.mp3,prodjoe,make out kiss joe prodjoe,lets just make out
800,JUST%20THE%20TIP-HOCHMAN.mp3,hochman,tip hochman,just the tip
801,,,,
802,,,,
803,,,,
804,,,,
805,,,,
806,,,,
807,,,,
808,,,,
809,,,,
810,,,,
811,,,,
812,,,,
813,,,,
814,,,,
815,,,,
816,,,,
817,,,,
818,,,,
819,,,,
820,,,,
821,,,,
822,,,,
823,,,,
824,,,,
825,,,,
826,,,,
827,,,,
828,,,,
829,,,,
830,,,,
831,,,,
832,,,,
833,,,,
834,,,,
835,,,,
836,,,,
837,,,,
838,,,,
839,,,,
840,,,,
841,,,,
842,,,,
843,,,,
844,,,,
845,,,,
846,,,,
847,,,,
848,,,,
849,,,,
850,,,,
851,,,,
852,,,,
853,,,,
854,,,,
855,,,,
856,,,,
857,,,,
858,,,,
859,,,,
860,,,,
861,,,,
862,,,,
863,,,,
864,,,,
865,,,,
866,,,,
867,,,,
868,,,,
869,,,,
870,,,,
871,,,,
872,,,,
873,,,,
874,,,,
875,,,,
876,,,,
877,,,,
878,,,,
879,,,,
880,,,,
881,,,,
882,,,,
883,,,,
884,,,,
885,,,,
886,,,,
887,,,,
888,,,,
889,,,,
890,,,,
891,,,,
892,,,,
893,,,,
894,,,,
895,,,,
896,,,,
897,,,,
898,,,,
899,,,,
900,,,,
901,,,,
902,,,,
903,,,,
904,,,,
905,,,,
906,,,,
907,,,,
908,,,,
909,,,,
910,,,,
911,,,,
912,,,,
913,,,,
914,,,,
915,,,,
916,,,,
917,,,,
918,,,,
919,,,,
920,,,,
921,,,,
922,,,,
923,,,,
924,,,,
925,,,,
926,,,,
927,,,,
928,,,,
929,,,,
930,,,,
931,,,,
932,,,,
933,,,,
934,,,,
935,,,,
936,,,,
937,,,,
938,,,,
939,,,,
940,,,,
941,,,,
942,,,,
943,,,,
944,,,,
945,,,,
946,,,,
947,,,,
948,,,,
949,,,,
950,,,,
951,,,,
952,,,,
953,,,,
954,,,,
955,,,,
956,,,,
957,,,,
958,,,,
959,,,,
960,,,,
961,,,,
962,,,,
963,,,,
964,,,,
965,,,,
966,,,,
967,,,,
968,,,,
969,,,,
970,,,,
971,,,,
972,,,,
973,,,,
974,,,,
975,,,,
976,,,,
977,,,,
978,,,,
979,,,,
980,,,,
981,,,,
982,,,,
983,,,,
984,,,,
985,,,,
986,,,,
987,,,,
988,,,,
989,,,,
990,,,,
991,,,,
992,,,,
993,,,,
994,,,,
995,,,,
996,,,,
997,,,,
998,,,,
999,,,,
1000,,,,
1001,,,,
1002,,,,
1003,,,,
1004,,,,
1005,,,,
1006,,,,
1007,,,,
1008,,,,
1009,,,,
1010,,,,
1011,,,,
1012,,,,
1013,,,,
1014,,,,
1015,,,,
1016,,,,
1017,,,,
1018,,,,
1019,,,,
1020,,,,
1021,,,,
1022,,,,
1023,,,,
1024,,,,
1025,,,,
1026,,,,
1027,,,,
1028,,,,
1029,,,,
1030,,,,
1031,,,,
1032,,,,
1033,,,,
1034,,,,
1035,,,,
1036,,,,
1037,,,,
1038,,,,
1039,,,,
1040,,,,
1041,,,,
1042,,,,
1043,,,,
1044,,,,
1045,,,,
1046,,,,
1047,,,,
1048,,,,
1049,,,,
1050,,,,